 --- Insert scripts for tables listed in schema ---

-- Inserts for table db_project.Client:

insert into db_project.Client (name, phone_number, address) values ('Дилярам Оглоблина', '+7-(964)-678-63-86', 'ул. Кривоарбатская 1172');
insert into db_project.Client (name, phone_number, address) values ('Михаил Прокопивич', '+7-(999)-135-01-35', 'ул. Садовая Слобода 98');
insert into db_project.Client (name, phone_number, address) values ('Нана Прокофьева', '+7-(925)-383-04-08', 'Аллея Калибровская 231');
insert into db_project.Client (name, phone_number, address) values ('Рена Лялина', '+7-(968)-016-37-13', 'Аллея Третьего Интернационала 537');
insert into db_project.Client (name, phone_number, address) values ('Резеда Анурова', '+7-(913)-850-62-66', 'ул. Тихорецкая 414');
insert into db_project.Client (name, phone_number, address) values ('Лилиана Боярская', '+7-(999)-100-11-13', 'ул. Аэродромная 865');
insert into db_project.Client (name, phone_number, address) values ('Бажена Фатеева', '+7-(909)-952-87-85', 'ул. Столярная 981');
insert into db_project.Client (name, phone_number, address) values ('Тэмми Кулакова', '+7-(976)-838-01-44', 'Аллея Полины Осипенко 1256');
insert into db_project.Client (name, phone_number, address) values ('Мина Кузечкин', '+7-(912)-144-93-77', 'Аллея Петровские Линии 1158');
insert into db_project.Client (name, phone_number, address) values ('Федора Павлова', '+7-(949)-654-21-88', 'ул. Кривоколенная 1133');
insert into db_project.Client (name, phone_number, address) values ('Семён Зондберг', '+7-(999)-979-93-61', 'Аллея Михайловский Верхн. Поперечная 623');
insert into db_project.Client (name, phone_number, address) values ('Сильвестр Нагибин', '+7-(939)-337-65-47', 'Аллея Веселая 1186');
insert into db_project.Client (name, phone_number, address) values ('Евсей Немиров', '+7-(919)-545-55-86', 'ул. Маршала Прошлякова 1355');
insert into db_project.Client (name, phone_number, address) values ('Митрофан Чаплин', '+7-(960)-998-43-77', 'ул. Бумажная 640');
insert into db_project.Client (name, phone_number, address) values ('Савелий Феофилактов', '+7-(968)-123-26-80', 'Аллея Руставели 1245');
insert into db_project.Client (name, phone_number, address) values ('Роман Бенедиктов', '+7-(999)-383-18-91', 'Аллея Крылатская 3-я 870');
insert into db_project.Client (name, phone_number, address) values ('Ясмина Могутина', '+7-(928)-239-90-41', 'ул. Гражданская 3-я 505');
insert into db_project.Client (name, phone_number, address) values ('Далида Грибанова', '+7-(968)-732-37-21', 'Аллея Веткин 990');
insert into db_project.Client (name, phone_number, address) values ('Сабина Охотина', '+7-(909)-537-83-86', 'ул. Старокрюковская 1243');
insert into db_project.Client (name, phone_number, address) values ('Ильзира Манулкина', '+7-(919)-921-16-66', 'Аллея Петра Романова 241');
insert into db_project.Client (name, phone_number, address) values ('Раиля Афремова', '+7-(933)-423-26-49', 'Аллея Александра Невского 855');
insert into db_project.Client (name, phone_number, address) values ('Иосиф Кулагин', '+7-(932)-952-59-98', 'Аллея Лескова 652');
insert into db_project.Client (name, phone_number, address) values ('Алсу Миронова', '+7-(932)-261-08-52', 'ул. Ращупкина 1341');
insert into db_project.Client (name, phone_number, address) values ('Зиновий Смирнов', '+7-(988)-703-69-37', 'ул. Складочная 1149');
insert into db_project.Client (name, phone_number, address) values ('Сила Колядин', '+7-(990)-010-41-06', 'Аллея Княжнина 7');
insert into db_project.Client (name, phone_number, address) values ('Патриция Вепрева', '+7-(960)-441-30-92', 'ул. Магнитогорская 584');
insert into db_project.Client (name, phone_number, address) values ('Аэлита Караулова', '+7-(968)-723-89-69', 'Аллея Парковая 13-я 1359');
insert into db_project.Client (name, phone_number, address) values ('Мина Гранин', '+7-(900)-718-81-54', 'ул. Рублевское 986');
insert into db_project.Client (name, phone_number, address) values ('Геласий Уваров', '+7-(999)-835-22-53', 'Аллея Ялтинская 1342');
insert into db_project.Client (name, phone_number, address) values ('Перизат Сафонова', '+7-(954)-282-68-00', 'ул. Плавская 1023');
insert into db_project.Client (name, phone_number, address) values ('Авдей Созонтов', '+7-(934)-429-75-44', 'Аллея Столярная 1393');
insert into db_project.Client (name, phone_number, address) values ('Арсений Воротников', '+7-(923)-218-15-13', 'ул. Петропавловская 1257');
insert into db_project.Client (name, phone_number, address) values ('Номина Астахова', '+7-(968)-309-46-26', 'Аллея Алексинская 234');
insert into db_project.Client (name, phone_number, address) values ('Сергей Анфимов', '+7-(937)-847-58-64', 'Аллея Строителей 916');
insert into db_project.Client (name, phone_number, address) values ('Адриана Меркульева', '+7-(925)-934-26-81', 'Аллея Новотетерки 195');
insert into db_project.Client (name, phone_number, address) values ('Лиза Ельшина', '+7-(980)-781-45-28', 'ул. Пугачевская 2-я 555');
insert into db_project.Client (name, phone_number, address) values ('Илюза Левина', '+7-(911)-304-06-44', 'Аллея Речников 925');
insert into db_project.Client (name, phone_number, address) values ('Авдотья Дружникова', '+7-(910)-252-01-67', 'Аллея Ратная 1130');
insert into db_project.Client (name, phone_number, address) values ('Валентина Загорцева', '+7-(939)-335-90-55', 'ул. Красная Сосна 850');
insert into db_project.Client (name, phone_number, address) values ('Анфим Пияшев', '+7-(968)-387-94-25', 'Аллея Стрельбищенская 637');
insert into db_project.Client (name, phone_number, address) values ('Пахомий Косой', '+7-(960)-954-31-86', 'ул. Хвалынская 1231');
insert into db_project.Client (name, phone_number, address) values ('Герасим Наумов', '+7-(983)-385-12-03', 'Аллея Сокольнический Вал 272');
insert into db_project.Client (name, phone_number, address) values ('Аля Чернова', '+7-(954)-302-84-61', 'ул. Скрябинская 1284');
insert into db_project.Client (name, phone_number, address) values ('Арина Евменьева', '+7-(982)-236-24-73', 'Аллея Квесисская 1-я 102');
insert into db_project.Client (name, phone_number, address) values ('Изабелла Ефремова', '+7-(938)-777-26-23', 'ул. Николаевская 799');
insert into db_project.Client (name, phone_number, address) values ('Онисим Веркин', '+7-(909)-780-88-67', 'ул. Златоустовская 564');
insert into db_project.Client (name, phone_number, address) values ('Флора Устинова', '+7-(909)-912-39-02', 'ул. Медовая 15');
insert into db_project.Client (name, phone_number, address) values ('Евгений Малецкий', '+7-(916)-154-84-56', 'Аллея Крупской 1061');
insert into db_project.Client (name, phone_number, address) values ('Аля Зверева', '+7-(998)-486-60-87', 'Аллея Яуза Платформа 966');
insert into db_project.Client (name, phone_number, address) values ('Денис Леванидов', '+7-(999)-195-67-80', 'ул. Власьевский Б. 359');

-- Inserts for table db_project.Product:

insert into db_project.Product (name, price) values ('Mustard Greens', '7838.67');
insert into db_project.Product (name, price) values ('Cassava', '4976.20');
insert into db_project.Product (name, price) values ('Irish Car Bomb', '696.70');
insert into db_project.Product (name, price) values ('Oatmeal Cookie', '351.85');
insert into db_project.Product (name, price) values ('Neutral grain spirit', '123.17');
insert into db_project.Product (name, price) values ('Tomato', '6107.05');
insert into db_project.Product (name, price) values ('Hippophae', '9191.00');
insert into db_project.Product (name, price) values ('Baked potato', '3751.22');
insert into db_project.Product (name, price) values ('Mini pizzas', '6333.94');
insert into db_project.Product (name, price) values ('Gobo', '4648.24');
insert into db_project.Product (name, price) values ('Eggs Benedict', '8112.33');
insert into db_project.Product (name, price) values ('Collard Greens', '1646.83');
insert into db_project.Product (name, price) values ('Taro', '592.96');
insert into db_project.Product (name, price) values ('Negroni', '5928.89');
insert into db_project.Product (name, price) values ('Giant granadilla', '7555.39');
insert into db_project.Product (name, price) values ('Spanish rice', '4554.20');
insert into db_project.Product (name, price) values ('Cabbage', '2803.72');
insert into db_project.Product (name, price) values ('Chinese Broccoli', '7118.08');
insert into db_project.Product (name, price) values ('European blueberry', '4384.25');
insert into db_project.Product (name, price) values ('Dewberry', '7489.61');
insert into db_project.Product (name, price) values ('Shucked Oysters', '8899.94');
insert into db_project.Product (name, price) values ('Biriba', '4737.65');
insert into db_project.Product (name, price) values ('Keule', '6067.07');
insert into db_project.Product (name, price) values ('Cask ale', '3827.15');
insert into db_project.Product (name, price) values ('Nopales', '1916.10');
insert into db_project.Product (name, price) values ('Date', '9428.07');
insert into db_project.Product (name, price) values ('Ruby Dutchess', '609.55');
insert into db_project.Product (name, price) values ('Cosmopolitan', '7154.05');
insert into db_project.Product (name, price) values ('Jack and Coke', '6858.99');
insert into db_project.Product (name, price) values ('Bees Knees', '370.80');
insert into db_project.Product (name, price) values ('Vodka Martini or Kangaroo', '8362.22');
insert into db_project.Product (name, price) values ('Venison', '1485.52');
insert into db_project.Product (name, price) values ('Romaine', '1001.86');
insert into db_project.Product (name, price) values ('Escarole', '5183.47');
insert into db_project.Product (name, price) values ('Okra', '4176.57');
insert into db_project.Product (name, price) values ('Jell-O', '2347.00');
insert into db_project.Product (name, price) values ('Crab Rangoon', '1331.02');
insert into db_project.Product (name, price) values ('Yuca', '4844.53');
insert into db_project.Product (name, price) values ('Pepperoni', '264.03');
insert into db_project.Product (name, price) values ('Creme Brulee', '4441.34');
insert into db_project.Product (name, price) values ('Potatoes OBrien', '4096.14');
insert into db_project.Product (name, price) values ('Juba (food)', '2574.54');
insert into db_project.Product (name, price) values ('Huevos Rancheros', '2710.90');
insert into db_project.Product (name, price) values ('Kabosu', '7811.33');
insert into db_project.Product (name, price) values ('Lucuma', '1968.64');
insert into db_project.Product (name, price) values ('Calabash tree', '251.80');
insert into db_project.Product (name, price) values ('Pistachio Ice Cream', '9214.96');
insert into db_project.Product (name, price) values ('Ammonia cookie', '4002.12');
insert into db_project.Product (name, price) values ('Bitter ale', '5826.95');
insert into db_project.Product (name, price) values ('Frisee', '7750.65');

-- Inserts for table db_project.Courier:

insert into db_project.Courier (name, phone_number) values ('Агата Остальская', '+7-(909)-303-40-66');
insert into db_project.Courier (name, phone_number) values ('Айару Гатапова', '+7-(968)-056-07-40');
insert into db_project.Courier (name, phone_number) values ('Ефим Кобрин', '+7-(964)-888-39-89');
insert into db_project.Courier (name, phone_number) values ('Аиша Ипатова', '+7-(933)-104-36-84');
insert into db_project.Courier (name, phone_number) values ('Святополк Титов', '+7-(966)-749-34-10');
insert into db_project.Courier (name, phone_number) values ('Иуда Асеев', '+7-(936)-616-32-26');
insert into db_project.Courier (name, phone_number) values ('Моника Бояндина', '+7-(953)-092-35-96');
insert into db_project.Courier (name, phone_number) values ('Сила Беспалько', '+7-(996)-699-35-35');
insert into db_project.Courier (name, phone_number) values ('Геннадий Сальников', '+7-(931)-509-05-07');
insert into db_project.Courier (name, phone_number) values ('Кирилл Басманов', '+7-(909)-388-45-05');
insert into db_project.Courier (name, phone_number) values ('Марк Кудряшов', '+7-(922)-722-66-69');
insert into db_project.Courier (name, phone_number) values ('Пантелеймон Макаренко', '+7-(968)-498-46-93');
insert into db_project.Courier (name, phone_number) values ('Глафира Аристова', '+7-(968)-446-73-67');
insert into db_project.Courier (name, phone_number) values ('Иллирика Сидоркина', '+7-(999)-846-81-04');
insert into db_project.Courier (name, phone_number) values ('Ксения Плавильщикова', '+7-(997)-284-48-71');
insert into db_project.Courier (name, phone_number) values ('Мариям Григорова', '+7-(915)-325-02-94');
insert into db_project.Courier (name, phone_number) values ('Акакий Фотеев', '+7-(926)-940-60-56');
insert into db_project.Courier (name, phone_number) values ('Федосей Зощенко', '+7-(909)-632-46-55');
insert into db_project.Courier (name, phone_number) values ('Лина Путина', '+7-(921)-059-17-27');
insert into db_project.Courier (name, phone_number) values ('Селена Вишнякова', '+7-(909)-878-67-40');
insert into db_project.Courier (name, phone_number) values ('Аркадий Северянин', '+7-(919)-130-97-27');
insert into db_project.Courier (name, phone_number) values ('Лейла Богоявленская', '+7-(961)-783-83-56');
insert into db_project.Courier (name, phone_number) values ('Ярослава Карагодина', '+7-(925)-395-57-10');
insert into db_project.Courier (name, phone_number) values ('Руслана Дементьева', '+7-(914)-541-95-11');
insert into db_project.Courier (name, phone_number) values ('Ростислав Булгарин', '+7-(917)-482-14-58');
insert into db_project.Courier (name, phone_number) values ('Эля Панюшкина', '+7-(909)-142-98-94');
insert into db_project.Courier (name, phone_number) values ('Герасим Ефимьев', '+7-(920)-033-47-60');
insert into db_project.Courier (name, phone_number) values ('Юлиан Гуцко', '+7-(966)-203-53-69');
insert into db_project.Courier (name, phone_number) values ('Милана Развожаева', '+7-(999)-508-54-88');
insert into db_project.Courier (name, phone_number) values ('Прокопий Черепанов', '+7-(999)-541-00-73');
insert into db_project.Courier (name, phone_number) values ('Ирада Николаева', '+7-(943)-091-34-74');
insert into db_project.Courier (name, phone_number) values ('Тиффани Бартенева', '+7-(968)-890-24-69');
insert into db_project.Courier (name, phone_number) values ('Сания Феонина', '+7-(909)-696-84-04');
insert into db_project.Courier (name, phone_number) values ('Зоя Полянская', '+7-(999)-263-71-40');
insert into db_project.Courier (name, phone_number) values ('Ким Мурманин', '+7-(968)-217-40-67');
insert into db_project.Courier (name, phone_number) values ('Зарема Бродская', '+7-(934)-976-23-16');
insert into db_project.Courier (name, phone_number) values ('Евгений Первушин', '+7-(968)-310-44-27');
insert into db_project.Courier (name, phone_number) values ('Алевтина Турова', '+7-(968)-244-75-18');
insert into db_project.Courier (name, phone_number) values ('Герман Кандауров', '+7-(999)-257-60-28');
insert into db_project.Courier (name, phone_number) values ('Гульшат Сошникова', '+7-(909)-373-36-83');
insert into db_project.Courier (name, phone_number) values ('Эсмира Фадеева', '+7-(912)-421-69-41');
insert into db_project.Courier (name, phone_number) values ('Далида Арефьева', '+7-(909)-259-24-11');
insert into db_project.Courier (name, phone_number) values ('Лада Чумакова', '+7-(999)-850-13-04');
insert into db_project.Courier (name, phone_number) values ('Владана Федосьева', '+7-(917)-224-86-41');
insert into db_project.Courier (name, phone_number) values ('Николай Нефёдов', '+7-(937)-683-23-46');
insert into db_project.Courier (name, phone_number) values ('Альфия Федорова', '+7-(968)-844-61-83');
insert into db_project.Courier (name, phone_number) values ('Феоктист Петрушевский', '+7-(929)-477-25-50');
insert into db_project.Courier (name, phone_number) values ('Иулиан Азарьин', '+7-(964)-162-21-09');
insert into db_project.Courier (name, phone_number) values ('Лира Ермилина', '+7-(909)-953-90-18');
insert into db_project.Courier (name, phone_number) values ('Айнур Некрасова', '+7-(968)-783-87-58');

-- Inserts for table db_project.Order:

insert into db_project.Order (client_id, order_time, cost) values (47, '2022-03-09 02:14:17', '29863.45');
insert into db_project.Order (client_id, order_time, cost) values (35, '2021-12-19 20:34:30', '58545.48');
insert into db_project.Order (client_id, order_time, cost) values (9, '2021-12-03 12:49:32', '27524.88');
insert into db_project.Order (client_id, order_time, cost) values (7, '2022-02-23 10:41:13', '24619.91');
insert into db_project.Order (client_id, order_time, cost) values (42, '2022-02-22 11:19:04', '34717.85');
insert into db_project.Order (client_id, order_time, cost) values (6, '2022-04-05 06:39:36', '57695.66');
insert into db_project.Order (client_id, order_time, cost) values (50, '2021-12-16 14:05:50', '62137.39');
insert into db_project.Order (client_id, order_time, cost) values (11, '2021-12-18 09:56:05', '18090.56');
insert into db_project.Order (client_id, order_time, cost) values (6, '2021-12-07 09:26:50', '24336.99');
insert into db_project.Order (client_id, order_time, cost) values (37, '2021-12-24 02:03:07', '31849.21');
insert into db_project.Order (client_id, order_time, cost) values (16, '2022-01-05 20:03:33', '21652.25');
insert into db_project.Order (client_id, order_time, cost) values (11, '2022-03-29 12:29:12', '31342.95');
insert into db_project.Order (client_id, order_time, cost) values (36, '2022-01-11 01:14:45', '3736.93');
insert into db_project.Order (client_id, order_time, cost) values (36, '2021-12-24 10:37:05', '45259.07');
insert into db_project.Order (client_id, order_time, cost) values (23, '2022-02-06 06:20:39', '20855.25');
insert into db_project.Order (client_id, order_time, cost) values (21, '2022-02-15 15:12:01', '16008.48');
insert into db_project.Order (client_id, order_time, cost) values (8, '2022-03-07 20:14:21', '77582.47');
insert into db_project.Order (client_id, order_time, cost) values (14, '2021-11-30 07:02:02', '47020.58');
insert into db_project.Order (client_id, order_time, cost) values (24, '2021-12-10 15:22:54', '1828.65');
insert into db_project.Order (client_id, order_time, cost) values (13, '2022-02-10 19:00:02', '31786.95');
insert into db_project.Order (client_id, order_time, cost) values (32, '2022-02-05 13:27:16', '38701.78');
insert into db_project.Order (client_id, order_time, cost) values (24, '2022-03-14 19:46:14', '8155.91');
insert into db_project.Order (client_id, order_time, cost) values (16, '2022-04-03 08:13:41', '16141.58');
insert into db_project.Order (client_id, order_time, cost) values (30, '2021-12-07 11:16:40', '41202.85');
insert into db_project.Order (client_id, order_time, cost) values (40, '2022-01-16 12:15:51', '9611.11');
insert into db_project.Order (client_id, order_time, cost) values (44, '2022-02-25 04:06:32', '44274.33');
insert into db_project.Order (client_id, order_time, cost) values (21, '2022-01-30 04:24:05', '27834.59');
insert into db_project.Order (client_id, order_time, cost) values (50, '2022-01-07 02:58:00', '27009.22');
insert into db_project.Order (client_id, order_time, cost) values (39, '2022-03-01 15:31:22', '20577.79');
insert into db_project.Order (client_id, order_time, cost) values (2, '2022-01-17 06:46:33', '12288.42');
insert into db_project.Order (client_id, order_time, cost) values (37, '2022-01-19 15:23:51', '13294.05');
insert into db_project.Order (client_id, order_time, cost) values (41, '2021-12-31 19:02:19', '8362.22');
insert into db_project.Order (client_id, order_time, cost) values (2, '2021-12-30 16:25:25', '5928.89');
insert into db_project.Order (client_id, order_time, cost) values (42, '2022-02-10 23:21:41', '18451.40');
insert into db_project.Order (client_id, order_time, cost) values (27, '2022-03-22 00:31:14', '60818.56');
insert into db_project.Order (client_id, order_time, cost) values (45, '2021-12-04 00:19:22', '45700.86');
insert into db_project.Order (client_id, order_time, cost) values (38, '2022-03-12 08:15:49', '44332.52');
insert into db_project.Order (client_id, order_time, cost) values (10, '2021-12-29 03:38:21', '63578.40');
insert into db_project.Order (client_id, order_time, cost) values (43, '2022-02-04 09:23:15', '60176.73');
insert into db_project.Order (client_id, order_time, cost) values (19, '2022-03-18 08:17:51', '19703.71');
insert into db_project.Order (client_id, order_time, cost) values (26, '2022-03-10 02:12:47', '12894.53');
insert into db_project.Order (client_id, order_time, cost) values (23, '2022-03-24 20:04:21', '9296.48');
insert into db_project.Order (client_id, order_time, cost) values (39, '2022-01-08 05:07:53', '1219.10');
insert into db_project.Order (client_id, order_time, cost) values (31, '2022-01-23 01:33:47', '32573.78');
insert into db_project.Order (client_id, order_time, cost) values (5, '2021-12-20 04:51:59', '30596.51');
insert into db_project.Order (client_id, order_time, cost) values (12, '2021-12-03 21:09:29', '69816.98');
insert into db_project.Order (client_id, order_time, cost) values (6, '2022-01-24 20:04:00', '11852.25');
insert into db_project.Order (client_id, order_time, cost) values (32, '2021-11-29 13:06:41', '10249.53');
insert into db_project.Order (client_id, order_time, cost) values (26, '2022-03-24 14:43:43', '21527.00');
insert into db_project.Order (client_id, order_time, cost) values (30, '2022-02-01 17:37:25', '32160.26');

-- Inserts for table db_project.Delivery:

insert into db_project.Delivery (order_id, courier_id, delivery_time, arrived) values (1, 35, '2022-03-31 08:14:43', True);
insert into db_project.Delivery (order_id, courier_id, delivery_time, arrived) values (2, 24, '2022-02-23 12:13:04', True);
insert into db_project.Delivery (order_id, courier_id, delivery_time, arrived) values (3, 25, '2021-12-22 02:34:58', True);
insert into db_project.Delivery (order_id, courier_id, delivery_time, arrived) values (4, 11, '2022-03-16 17:39:59', True);
insert into db_project.Delivery (order_id, courier_id, delivery_time, arrived) values (5, 28, '2022-03-06 19:30:55', True);
insert into db_project.Delivery (order_id, courier_id, delivery_time, arrived) values (6, 11, '2022-04-05 15:51:31', True);
insert into db_project.Delivery (order_id, courier_id, delivery_time, arrived) values (7, 17, '2022-03-30 07:22:42', True);
insert into db_project.Delivery (order_id, courier_id, delivery_time, arrived) values (8, 27, '2022-03-23 16:14:23', True);
insert into db_project.Delivery (order_id, courier_id, delivery_time, arrived) values (9, 28, '2022-01-06 17:55:17', True);
insert into db_project.Delivery (order_id, courier_id, delivery_time, arrived) values (10, 10, '2022-02-12 09:05:23', True);
insert into db_project.Delivery (order_id, courier_id, delivery_time, arrived) values (11, 16, '2022-03-10 12:27:12', True);
insert into db_project.Delivery (order_id, courier_id, delivery_time, arrived) values (12, 15, '2022-03-31 01:43:53', True);
insert into db_project.Delivery (order_id, courier_id, delivery_time, arrived) values (13, 25, '2022-03-01 13:22:01', True);
insert into db_project.Delivery (order_id, courier_id, delivery_time, arrived) values (14, 20, '2022-02-21 05:57:59', True);
insert into db_project.Delivery (order_id, courier_id, delivery_time, arrived) values (15, 24, '2022-03-10 18:34:07', True);
insert into db_project.Delivery (order_id, courier_id, delivery_time, arrived) values (16, 15, '2022-03-30 05:18:39', True);
insert into db_project.Delivery (order_id, courier_id, delivery_time, arrived) values (17, 14, '2022-03-10 07:53:03', True);
insert into db_project.Delivery (order_id, courier_id, delivery_time, arrived) values (18, 50, '2021-12-16 15:22:57', True);
insert into db_project.Delivery (order_id, courier_id, delivery_time, arrived) values (19, 50, '2022-01-20 07:23:11', True);
insert into db_project.Delivery (order_id, courier_id, delivery_time, arrived) values (20, 14, '2022-03-08 18:50:36', True);
insert into db_project.Delivery (order_id, courier_id, delivery_time, arrived) values (21, 18, '2022-02-28 19:07:26', True);
insert into db_project.Delivery (order_id, courier_id, delivery_time, arrived) values (22, 25, '2022-04-01 12:04:26', True);
insert into db_project.Delivery (order_id, courier_id, delivery_time, arrived) values (23, 49, '2022-04-04 01:57:59', True);
insert into db_project.Delivery (order_id, courier_id, delivery_time, arrived) values (24, 35, '2022-02-06 04:26:49', True);
insert into db_project.Delivery (order_id, courier_id, delivery_time, arrived) values (25, 6, '2022-01-21 13:14:50', True);
insert into db_project.Delivery (order_id, courier_id, delivery_time, arrived) values (26, 50, '2022-03-30 11:01:28', True);
insert into db_project.Delivery (order_id, courier_id, delivery_time, arrived) values (27, 14, '2022-02-03 20:01:16', True);
insert into db_project.Delivery (order_id, courier_id, delivery_time, arrived) values (28, 23, '2022-02-09 21:16:30', True);
insert into db_project.Delivery (order_id, courier_id, delivery_time, arrived) values (29, 39, '2022-03-27 05:14:17', True);
insert into db_project.Delivery (order_id, courier_id, delivery_time, arrived) values (30, 4, '2022-03-09 18:49:58', True);
insert into db_project.Delivery (order_id, courier_id, delivery_time, arrived) values (31, 46, '2022-02-23 13:45:04', True);
insert into db_project.Delivery (order_id, courier_id, delivery_time, arrived) values (32, 29, '2022-01-20 20:10:20', True);
insert into db_project.Delivery (order_id, courier_id, delivery_time, arrived) values (33, 44, '2022-01-06 07:01:17', True);
insert into db_project.Delivery (order_id, courier_id, delivery_time, arrived) values (34, 7, '2022-03-19 18:45:13', True);
insert into db_project.Delivery (order_id, courier_id, delivery_time, arrived) values (35, 12, '2022-04-05 08:09:17', True);
insert into db_project.Delivery (order_id, courier_id, delivery_time, arrived) values (36, 38, '2022-01-20 13:13:55', True);
insert into db_project.Delivery (order_id, courier_id, delivery_time, arrived) values (37, 47, '2022-03-16 23:39:09', True);
insert into db_project.Delivery (order_id, courier_id, delivery_time, arrived) values (38, 36, '2022-03-24 21:26:19', True);
insert into db_project.Delivery (order_id, courier_id, delivery_time, arrived) values (39, 16, '2022-03-14 05:47:54', True);
insert into db_project.Delivery (order_id, courier_id, delivery_time, arrived) values (40, 12, '2022-03-28 20:33:38', True);
insert into db_project.Delivery (order_id, courier_id, delivery_time, arrived) values (41, 39, '2022-03-29 17:08:47', True);
insert into db_project.Delivery (order_id, courier_id, delivery_time, arrived) values (42, 48, '2022-03-28 23:50:40', True);
insert into db_project.Delivery (order_id, courier_id, delivery_time, arrived) values (43, 20, '2022-03-06 15:48:30', True);
insert into db_project.Delivery (order_id, courier_id, delivery_time, arrived) values (44, 33, '2022-04-05 14:14:51', True);
insert into db_project.Delivery (order_id, courier_id, delivery_time, arrived) values (45, 5, '2021-12-30 14:33:25', True);
insert into db_project.Delivery (order_id, courier_id, delivery_time, arrived) values (46, 30, '2022-03-02 00:36:04', True);
insert into db_project.Delivery (order_id, courier_id, delivery_time, arrived) values (47, 47, '2022-02-28 03:25:30', True);
insert into db_project.Delivery (order_id, courier_id, delivery_time, arrived) values (48, 3, '2021-12-05 22:25:11', False);
insert into db_project.Delivery (order_id, courier_id, delivery_time, arrived) values (49, 39, '2022-04-03 20:43:52', False);
insert into db_project.Delivery (order_id, courier_id, delivery_time, arrived) values (50, 32, '2022-03-25 12:19:16', True);

-- Inserts for table db_project.Order_products:

insert into db_project.Order_products (order_id, product_id, number) values (1, 7, 2);
insert into db_project.Order_products (order_id, product_id, number) values (1, 24, 3);
insert into db_project.Order_products (order_id, product_id, number) values (2, 32, 4);
insert into db_project.Order_products (order_id, product_id, number) values (2, 41, 3);
insert into db_project.Order_products (order_id, product_id, number) values (2, 9, 4);
insert into db_project.Order_products (order_id, product_id, number) values (2, 20, 2);
insert into db_project.Order_products (order_id, product_id, number) values (3, 44, 2);
insert into db_project.Order_products (order_id, product_id, number) values (3, 5, 2);
insert into db_project.Order_products (order_id, product_id, number) values (3, 12, 2);
insert into db_project.Order_products (order_id, product_id, number) values (3, 31, 1);
insert into db_project.Order_products (order_id, product_id, number) values (4, 13, 2);
insert into db_project.Order_products (order_id, product_id, number) values (4, 44, 3);
insert into db_project.Order_products (order_id, product_id, number) values (5, 46, 4);
insert into db_project.Order_products (order_id, product_id, number) values (5, 22, 3);
insert into db_project.Order_products (order_id, product_id, number) values (5, 30, 2);
insert into db_project.Order_products (order_id, product_id, number) values (5, 19, 4);
insert into db_project.Order_products (order_id, product_id, number) values (5, 27, 2);
insert into db_project.Order_products (order_id, product_id, number) values (6, 26, 4);
insert into db_project.Order_products (order_id, product_id, number) values (6, 17, 4);
insert into db_project.Order_products (order_id, product_id, number) values (6, 19, 2);
insert into db_project.Order_products (order_id, product_id, number) values (7, 35, 2);
insert into db_project.Order_products (order_id, product_id, number) values (7, 28, 4);
insert into db_project.Order_products (order_id, product_id, number) values (7, 50, 3);
insert into db_project.Order_products (order_id, product_id, number) values (7, 25, 1);
insert into db_project.Order_products (order_id, product_id, number) values (8, 42, 3);
insert into db_project.Order_products (order_id, product_id, number) values (8, 34, 2);
insert into db_project.Order_products (order_id, product_id, number) values (9, 11, 3);
insert into db_project.Order_products (order_id, product_id, number) values (10, 40, 1);
insert into db_project.Order_products (order_id, product_id, number) values (10, 17, 3);
insert into db_project.Order_products (order_id, product_id, number) values (10, 45, 3);
insert into db_project.Order_products (order_id, product_id, number) values (10, 35, 2);
insert into db_project.Order_products (order_id, product_id, number) values (10, 22, 1);
insert into db_project.Order_products (order_id, product_id, number) values (11, 39, 3);
insert into db_project.Order_products (order_id, product_id, number) values (11, 9, 2);
insert into db_project.Order_products (order_id, product_id, number) values (11, 41, 2);
insert into db_project.Order_products (order_id, product_id, number) values (12, 24, 4);
insert into db_project.Order_products (order_id, product_id, number) values (12, 14, 2);
insert into db_project.Order_products (order_id, product_id, number) values (12, 35, 1);
insert into db_project.Order_products (order_id, product_id, number) values (13, 3, 3);
insert into db_project.Order_products (order_id, product_id, number) values (13, 12, 1);
insert into db_project.Order_products (order_id, product_id, number) values (14, 20, 3);
insert into db_project.Order_products (order_id, product_id, number) values (14, 2, 2);
insert into db_project.Order_products (order_id, product_id, number) values (14, 23, 2);
insert into db_project.Order_products (order_id, product_id, number) values (14, 4, 2);
insert into db_project.Order_products (order_id, product_id, number) values (15, 5, 2);
insert into db_project.Order_products (order_id, product_id, number) values (15, 11, 2);
insert into db_project.Order_products (order_id, product_id, number) values (15, 19, 1);
insert into db_project.Order_products (order_id, product_id, number) values (16, 48, 4);
insert into db_project.Order_products (order_id, product_id, number) values (17, 40, 4);
insert into db_project.Order_products (order_id, product_id, number) values (17, 6, 3);
insert into db_project.Order_products (order_id, product_id, number) values (17, 45, 4);
insert into db_project.Order_products (order_id, product_id, number) values (17, 42, 2);
insert into db_project.Order_products (order_id, product_id, number) values (17, 18, 4);
insert into db_project.Order_products (order_id, product_id, number) values (18, 42, 4);
insert into db_project.Order_products (order_id, product_id, number) values (18, 2, 4);
insert into db_project.Order_products (order_id, product_id, number) values (18, 11, 2);
insert into db_project.Order_products (order_id, product_id, number) values (18, 13, 1);
insert into db_project.Order_products (order_id, product_id, number) values (19, 27, 3);
insert into db_project.Order_products (order_id, product_id, number) values (20, 11, 2);
insert into db_project.Order_products (order_id, product_id, number) values (20, 42, 3);
insert into db_project.Order_products (order_id, product_id, number) values (20, 1, 1);
insert into db_project.Order_products (order_id, product_id, number) values (21, 13, 2);
insert into db_project.Order_products (order_id, product_id, number) values (21, 21, 4);
insert into db_project.Order_products (order_id, product_id, number) values (21, 25, 1);
insert into db_project.Order_products (order_id, product_id, number) values (22, 33, 1);
insert into db_project.Order_products (order_id, product_id, number) values (22, 28, 1);
insert into db_project.Order_products (order_id, product_id, number) values (23, 33, 4);
insert into db_project.Order_products (order_id, product_id, number) values (23, 23, 2);
insert into db_project.Order_products (order_id, product_id, number) values (24, 38, 1);
insert into db_project.Order_products (order_id, product_id, number) values (24, 40, 4);
insert into db_project.Order_products (order_id, product_id, number) values (24, 10, 4);
insert into db_project.Order_products (order_id, product_id, number) values (25, 30, 1);
insert into db_project.Order_products (order_id, product_id, number) values (25, 1, 1);
insert into db_project.Order_products (order_id, product_id, number) values (25, 39, 3);
insert into db_project.Order_products (order_id, product_id, number) values (25, 27, 1);
insert into db_project.Order_products (order_id, product_id, number) values (26, 3, 3);
insert into db_project.Order_products (order_id, product_id, number) values (26, 47, 2);
insert into db_project.Order_products (order_id, product_id, number) values (26, 29, 1);
insert into db_project.Order_products (order_id, product_id, number) values (26, 25, 1);
insert into db_project.Order_products (order_id, product_id, number) values (26, 20, 2);
insert into db_project.Order_products (order_id, product_id, number) values (27, 3, 2);
insert into db_project.Order_products (order_id, product_id, number) values (27, 20, 3);
insert into db_project.Order_products (order_id, product_id, number) values (27, 45, 1);
insert into db_project.Order_products (order_id, product_id, number) values (27, 33, 2);
insert into db_project.Order_products (order_id, product_id, number) values (28, 14, 4);
insert into db_project.Order_products (order_id, product_id, number) values (28, 12, 2);
insert into db_project.Order_products (order_id, product_id, number) values (29, 43, 1);
insert into db_project.Order_products (order_id, product_id, number) values (29, 6, 1);
insert into db_project.Order_products (order_id, product_id, number) values (29, 36, 4);
insert into db_project.Order_products (order_id, product_id, number) values (29, 13, 4);
insert into db_project.Order_products (order_id, product_id, number) values (30, 41, 3);
insert into db_project.Order_products (order_id, product_id, number) values (31, 39, 1);
insert into db_project.Order_products (order_id, product_id, number) values (31, 41, 3);
insert into db_project.Order_products (order_id, product_id, number) values (31, 30, 2);
insert into db_project.Order_products (order_id, product_id, number) values (32, 31, 1);
insert into db_project.Order_products (order_id, product_id, number) values (33, 14, 1);
insert into db_project.Order_products (order_id, product_id, number) values (34, 48, 2);
insert into db_project.Order_products (order_id, product_id, number) values (34, 12, 4);
insert into db_project.Order_products (order_id, product_id, number) values (34, 17, 1);
insert into db_project.Order_products (order_id, product_id, number) values (34, 39, 4);
insert into db_project.Order_products (order_id, product_id, number) values (35, 40, 1);
insert into db_project.Order_products (order_id, product_id, number) values (35, 4, 2);
insert into db_project.Order_products (order_id, product_id, number) values (35, 44, 4);
insert into db_project.Order_products (order_id, product_id, number) values (35, 6, 4);
insert into db_project.Order_products (order_id, product_id, number) values (36, 50, 1);
insert into db_project.Order_products (order_id, product_id, number) values (36, 30, 3);
insert into db_project.Order_products (order_id, product_id, number) values (36, 48, 1);
insert into db_project.Order_products (order_id, product_id, number) values (36, 24, 3);
insert into db_project.Order_products (order_id, product_id, number) values (36, 18, 3);
insert into db_project.Order_products (order_id, product_id, number) values (37, 29, 3);
insert into db_project.Order_products (order_id, product_id, number) values (37, 46, 2);
insert into db_project.Order_products (order_id, product_id, number) values (37, 50, 3);
insert into db_project.Order_products (order_id, product_id, number) values (38, 16, 3);
insert into db_project.Order_products (order_id, product_id, number) values (38, 43, 4);
insert into db_project.Order_products (order_id, product_id, number) values (38, 2, 2);
insert into db_project.Order_products (order_id, product_id, number) values (38, 46, 2);
insert into db_project.Order_products (order_id, product_id, number) values (38, 28, 4);
insert into db_project.Order_products (order_id, product_id, number) values (39, 15, 4);
insert into db_project.Order_products (order_id, product_id, number) values (39, 41, 2);
insert into db_project.Order_products (order_id, product_id, number) values (39, 13, 2);
insert into db_project.Order_products (order_id, product_id, number) values (39, 29, 3);
insert into db_project.Order_products (order_id, product_id, number) values (40, 20, 1);
insert into db_project.Order_products (order_id, product_id, number) values (40, 6, 2);
insert into db_project.Order_products (order_id, product_id, number) values (41, 2, 1);
insert into db_project.Order_products (order_id, product_id, number) values (41, 39, 1);
insert into db_project.Order_products (order_id, product_id, number) values (41, 24, 2);
insert into db_project.Order_products (order_id, product_id, number) values (42, 10, 2);
insert into db_project.Order_products (order_id, product_id, number) values (43, 27, 2);
insert into db_project.Order_products (order_id, product_id, number) values (44, 1, 4);
insert into db_project.Order_products (order_id, product_id, number) values (44, 27, 2);
insert into db_project.Order_products (order_id, product_id, number) values (45, 11, 2);
insert into db_project.Order_products (order_id, product_id, number) values (45, 19, 3);
insert into db_project.Order_products (order_id, product_id, number) values (45, 27, 2);
insert into db_project.Order_products (order_id, product_id, number) values (46, 24, 1);
insert into db_project.Order_products (order_id, product_id, number) values (46, 42, 4);
insert into db_project.Order_products (order_id, product_id, number) values (46, 1, 4);
insert into db_project.Order_products (order_id, product_id, number) values (46, 11, 3);
insert into db_project.Order_products (order_id, product_id, number) values (47, 30, 1);
insert into db_project.Order_products (order_id, product_id, number) values (47, 24, 3);
insert into db_project.Order_products (order_id, product_id, number) values (48, 44, 1);
insert into db_project.Order_products (order_id, product_id, number) values (48, 27, 4);
insert into db_project.Order_products (order_id, product_id, number) values (49, 8, 3);
insert into db_project.Order_products (order_id, product_id, number) values (49, 43, 2);
insert into db_project.Order_products (order_id, product_id, number) values (49, 46, 3);
insert into db_project.Order_products (order_id, product_id, number) values (49, 41, 1);
insert into db_project.Order_products (order_id, product_id, number) values (50, 33, 4);
insert into db_project.Order_products (order_id, product_id, number) values (50, 42, 2);
insert into db_project.Order_products (order_id, product_id, number) values (50, 50, 2);
insert into db_project.Order_products (order_id, product_id, number) values (50, 8, 2);